account_type,email,password,full_name
doctor,doctor1@seha.eg,Doctor@123,Dr. طارق الشريف
doctor,doctor2@seha.eg,Doctor@123,Dr. أحمد عثمان
doctor,doctor3@seha.eg,Doctor@123,Dr. منى علي
doctor,doctor4@seha.eg,Doctor@123,Dr. Khaled أحمد
doctor,doctor5@seha.eg,Doctor@123,Dr. هدى محمد
doctor,doctor6@seha.eg,Doctor@123,Dr. Yasmine El Sherif
doctor,doctor7@seha.eg,Doctor@123,Dr. فاطمة Ibrahim
doctor,doctor8@seha.eg,Doctor@123,Dr. Nour علي
doctor,doctor9@seha.eg,Doctor@123,Dr. Mohamed Othman
doctor,doctor10@seha.eg,Doctor@123,Dr. Tarek محمد
doctor,doctor11@seha.eg,Doctor@123,Dr. عائشة Ahmed
doctor,doctor12@seha.eg,Doctor@123,Dr. هدى Ahmed
doctor,doctor13@seha.eg,Doctor@123,Dr. ياسمين El Guindy
doctor,doctor14@seha.eg,Doctor@123,Dr. Salma Gaber
doctor,doctor15@seha.eg,Doctor@123,Dr. Youssef Ibrahim
doctor,doctor16@seha.eg,Doctor@123,Dr. Aisha محمد
doctor,doctor17@seha.eg,Doctor@123,Dr. Salma Abdelaziz
doctor,doctor18@seha.eg,Doctor@123,Dr. دينا Khattab
doctor,doctor19@seha.eg,Doctor@123,Dr. Hassan El Guindy
doctor,doctor20@seha.eg,Doctor@123,Dr. Aisha السيد
doctor,doctor21@seha.eg,Doctor@123,Dr. Hoda El Guindy
doctor,doctor22@seha.eg,Doctor@123,Dr. مريم Khattab
doctor,doctor23@seha.eg,Doctor@123,Dr. Hassan Gaber
doctor,doctor24@seha.eg,Doctor@123,Dr. Yasmine محمد
doctor,doctor25@seha.eg,Doctor@123,Dr. Youssef El Guindy
doctor,doctor26@seha.eg,Doctor@123,Dr. Mona Khattab
doctor,doctor27@seha.eg,Doctor@123,Dr. فاطمة Sadek
doctor,doctor28@seha.eg,Doctor@123,Dr. Ahmed حسن
doctor,doctor29@seha.eg,Doctor@123,Dr. Hoda Sadek
doctor,doctor30@seha.eg,Doctor@123,Dr. Yasmine Hassan
doctor,doctor31@seha.eg,Doctor@123,Dr. Mohamed Mohamed
doctor,doctor32@seha.eg,Doctor@123,Dr. مريم Mohamed
doctor,doctor33@seha.eg,Doctor@123,Dr. Aisha علي
doctor,doctor34@seha.eg,Doctor@123,Dr. علي Ibrahim
doctor,doctor35@seha.eg,Doctor@123,Dr. دينا El Masry
doctor,doctor36@seha.eg,Doctor@123,Dr. منى Khattab
doctor,doctor37@seha.eg,Doctor@123,Dr. عائشة الشريف
doctor,doctor38@seha.eg,Doctor@123,Dr. كريم Ali
doctor,doctor39@seha.eg,Doctor@123,Dr. علي Abdullah
doctor,doctor40@seha.eg,Doctor@123,Dr. سارة Mohamed
doctor,doctor41@seha.eg,Doctor@123,Dr. نور محمد
doctor,doctor42@seha.eg,Doctor@123,Dr. Dina علي
doctor,doctor43@seha.eg,Doctor@123,Dr. ياسمين Ahmed
doctor,doctor44@seha.eg,Doctor@123,Dr. كريم Mohamed
doctor,doctor45@seha.eg,Doctor@123,Dr. Ahmed Mohamed
doctor,doctor46@seha.eg,Doctor@123,Dr. سارة Abdelaziz
doctor,doctor47@seha.eg,Doctor@123,Dr. سارة Abdullah
doctor,doctor48@seha.eg,Doctor@123,Dr. Khaled Sadek
doctor,doctor49@seha.eg,Doctor@123,Dr. دينا Sadek
doctor,doctor50@seha.eg,Doctor@123,Dr. محمود Abdel Rahman
patient,patient1@example.com,Patient@123,Mahmoud Abdullah
patient,patient2@example.com,Patient@123,Mohamed Hassan
patient,patient3@example.com,Patient@123,مريم El Masry
patient,patient4@example.com,Patient@123,خالد Abdel Rahman
patient,patient5@example.com,Patient@123,نور علي
patient,patient6@example.com,Patient@123,Salma Khattab
patient,patient7@example.com,Patient@123,يوسف إبراهيم
patient,patient8@example.com,Patient@123,Dina إبراهيم
patient,patient9@example.com,Patient@123,Hoda Khattab
patient,patient10@example.com,Patient@123,طارق Sadek
patient,patient11@example.com,Patient@123,محمد الشريف
patient,patient12@example.com,Patient@123,Youssef Gaber
patient,patient13@example.com,Patient@123,Aisha Hassan
patient,patient14@example.com,Patient@123,Hoda علي
patient,patient15@example.com,Patient@123,حسن Abdel Rahman
patient,patient16@example.com,Patient@123,Fatma حسن
patient,patient17@example.com,Patient@123,مريم حسن
patient,patient18@example.com,Patient@123,عمر Ali
patient,patient19@example.com,Patient@123,Youssef El Sherif
patient,patient20@example.com,Patient@123,حسن El Sherif
patient,patient21@example.com,Patient@123,أحمد Khattab
patient,patient22@example.com,Patient@123,فاطمة عثمان
patient,patient23@example.com,Patient@123,محمود Abdelaziz
patient,patient24@example.com,Patient@123,Karim Abdullah
patient,patient25@example.com,Patient@123,Mohamed El Sayed
patient,patient26@example.com,Patient@123,Maryam Hassan
patient,patient27@example.com,Patient@123,عمر Ibrahim
patient,patient28@example.com,Patient@123,أحمد Ibrahim
patient,patient29@example.com,Patient@123,Mona Abdel Rahman
patient,patient30@example.com,Patient@123,Mahmoud Ali
patient,patient31@example.com,Patient@123,Youssef Hassan
patient,patient32@example.com,Patient@123,دينا Ibrahim
patient,patient33@example.com,Patient@123,Ahmed El Guindy
patient,patient34@example.com,Patient@123,Youssef علي
patient,patient35@example.com,Patient@123,ياسمين Mohamed
patient,patient36@example.com,Patient@123,دينا Khattab
patient,patient37@example.com,Patient@123,هدى Abdel Rahman
patient,patient38@example.com,Patient@123,سارة Gaber
patient,patient39@example.com,Patient@123,دينا Abdelaziz
patient,patient40@example.com,Patient@123,Nour El Sayed
patient,patient41@example.com,Patient@123,حسن El Guindy
patient,patient42@example.com,Patient@123,فاطمة Abdel Rahman
patient,patient43@example.com,Patient@123,منى Othman
patient,patient44@example.com,Patient@123,Karim الشريف
patient,patient45@example.com,Patient@123,هدى El Sherif
patient,patient46@example.com,Patient@123,محمد علي
patient,patient47@example.com,Patient@123,Hassan عبد الله
patient,patient48@example.com,Patient@123,Dina أحمد
patient,patient49@example.com,Patient@123,علي Abdel Rahman
patient,patient50@example.com,Patient@123,حسن Hassan
patient,patient51@example.com,Patient@123,Omar Ahmed
patient,patient52@example.com,Patient@123,نور Ali
patient,patient53@example.com,Patient@123,Aisha أحمد
patient,patient54@example.com,Patient@123,Tarek El Masry
patient,patient55@example.com,Patient@123,عمر محمد
patient,patient56@example.com,Patient@123,ياسمين Abdelaziz
patient,patient57@example.com,Patient@123,علي Ali
patient,patient58@example.com,Patient@123,Omar El Masry
patient,patient59@example.com,Patient@123,Hoda Abdelaziz
patient,patient60@example.com,Patient@123,فاطمة حسن
patient,patient61@example.com,Patient@123,Youssef Gaber
patient,patient62@example.com,Patient@123,Aisha Abdel Rahman
patient,patient63@example.com,Patient@123,Sara Ali
patient,patient64@example.com,Patient@123,سارة الشريف
patient,patient65@example.com,Patient@123,Mona Abdelaziz
patient,patient66@example.com,Patient@123,Ahmed Ibrahim
patient,patient67@example.com,Patient@123,ياسمين محمد
patient,patient68@example.com,Patient@123,محمد El Sherif
patient,patient69@example.com,Patient@123,Omar Ali
patient,patient70@example.com,Patient@123,Mahmoud محمد
patient,patient71@example.com,Patient@123,Tarek عثمان
patient,patient72@example.com,Patient@123,Ali الشريف
patient,patient73@example.com,Patient@123,محمد El Masry
patient,patient74@example.com,Patient@123,Dina Hassan
patient,patient75@example.com,Patient@123,فاطمة Khattab
patient,patient76@example.com,Patient@123,علي El Masry
patient,patient77@example.com,Patient@123,نور حسن
patient,patient78@example.com,Patient@123,محمد El Guindy
patient,patient79@example.com,Patient@123,Nour El Sayed
patient,patient80@example.com,Patient@123,Salma El Sherif
patient,patient81@example.com,Patient@123,محمد Abdel Rahman
patient,patient82@example.com,Patient@123,مريم El Masry
patient,patient83@example.com,Patient@123,Omar El Guindy
patient,patient84@example.com,Patient@123,سارة الشريف
patient,patient85@example.com,Patient@123,سارة Gaber
patient,patient86@example.com,Patient@123,Hassan Mohamed
patient,patient87@example.com,Patient@123,هدى السيد
patient,patient88@example.com,Patient@123,عمر Ahmed
patient,patient89@example.com,Patient@123,Sara Khattab
patient,patient90@example.com,Patient@123,Youssef محمد
patient,patient91@example.com,Patient@123,محمود عبد الله
patient,patient92@example.com,Patient@123,Ahmed El Guindy
patient,patient93@example.com,Patient@123,Omar محمد
patient,patient94@example.com,Patient@123,دينا El Sherif
patient,patient95@example.com,Patient@123,خالد El Masry
patient,patient96@example.com,Patient@123,Hassan عبد الله
patient,patient97@example.com,Patient@123,Mahmoud إبراهيم
patient,patient98@example.com,Patient@123,Omar Abdelaziz
patient,patient99@example.com,Patient@123,Yasmine El Sayed
patient,patient100@example.com,Patient@123,طارق Khattab
